<?xml version="1.0" encoding="UTF-8"?>
<!DOCTYPE mapper PUBLIC "-//mybatis.org//DTD Mapper 3.0//EN" 
"http://mybatis.org/dtd/mybatis-3-mapper.dtd">
<mapper namespace="tempDAO">

	<resultMap id="temp" type="egovframework.let.temp.service.TempVO">
		<result property="tempId" column="TEMP_ID"/>
		<result property="tempVal" column="TEMP_VAL"/>
	</resultMap>
	
	<select id="tempDAO.selectTemp" resultMap="temp">
		SELECT
		   TEMP_ID
		   , TEMP_VAL
		FROM lettemp
		WHERE TEMP_ID = #{tempId}
	</select>
	
	<select id="tempDAO.selectTempList" resultType="egovMap">
		SELECT 
		   TEMP_ID
		   , TEMP_VAL
		FROM lettemp
		ORDER BY TEMP_ID DESC
		LIMIT #{recordCountPerPage} OFFSET #{firstIndex}
	</select>
	
	<select id="tempDAO.selectTempListCnt" resultType="java.lang.Integer">
		SELECT
			COUNT(*) CNT
		FROM lettemp
	</select>
	
	<insert id="tempDAO.insertTemp" parameterType="egovframework.let.temp.service.TempVO">
		INSERT INTO lettemp(
			TEMP_VAL
		) VALUES(
			#{tempVal}
		)
	</insert>
	
	<update id="tempDAO.updateTemp" parameterType="egovframework.let.temp.service.TempVO">
		UPDATE lettemp SET
			TEMP_VAL = #{tempVal}
		WHERE TEMP_ID = #{tempId}
	</update>
	
	<delete id="tempDAO.deleteTemp" parameterType="egovframework.let.temp.service.TempVO">
		DELETE from lettemp 
		WHERE TEMP_ID = #{tempId}
	</delete>
	
</mapper>