<?xml version="1.0" encoding="UTF-8"?>
<!DOCTYPE mapper PUBLIC "-//mybatis.org//DTD Mapper 3.0//EN" 
"http://mybatis.org/dtd/mybatis-3-mapper.dtd">
<mapper namespace="boardDAO">
	
	<resultMap id="board" type="egovframework.let.board.service.BoardVO">
		<result property="boardId" column="BOARD_ID"/>
		<result property="boardSj" column="BOARD_SJ"/>
		<result property="boardCn" column="BOARD_CN"/>
		<result property="inqireCo" column="INQIRE_CO"/>
		<result property="creatIp" column="CREAT_IP"/>
		<result property="noticeAt" column="NOTICE_AT"/>
		<result property="othbcAt" column="OTHBC_AT"/>
		<result property="useAt" column="USE_AT"/>
		<result property="atchFileId" column="ATCH_FILE_ID"/>
		<result property="frstRegistPnttm" column="FRST_REGIST_PNTTM"/>
		<result property="frstRegisterId" column="FRST_REGISTER_ID"/>
	</resultMap>
	
	<select id="selectBoardList" resultType="egovMap">
		SELECT
			  A.BOARD_ID       
			, A.BOARD_SJ           
			, A.BOARD_CN           
			, A.INQIRE_CO          
			, A.CREAT_IP           
			, A.NOTICE_AT          
			, A.OTHBC_AT           
			, A.USE_AT             
			, A.ATCH_FILE_ID       
			, A.FRST_REGIST_PNTTM  
			, A.FRST_REGISTER_ID
			, (SELECT 
					CONCAT(X.STRE_FILE_NM, ".", X.FILE_EXTSN)
				FROM LETTNFILEDETAIL X
				WHERE X.ATCH_FILE_ID = A.ATCH_FILE_ID
					AND UPPER(FILE_EXTSN) IN ('GIF','JPG','JPEG','BMP','PNG')
				ORDER BY FILE_SN
				LIMIT 1
			 ) AS ATCH_FILE_NM 
		FROM BOARD A
		<include refid="selectBoardListWhere"></include>
		ORDER BY A.FRST_REGIST_PNTTM DESC
		
		<if test='noticeAt != "Y"'>
			LIMIT #{recordCountPerPage} OFFSET #{firstIndex}
		</if>
	</select>
	
	<select id="selectBoardListCnt" resultType="java.lang.Integer">
		SELECT
		  COUNT(*) CNT
		FROM BOARD A
		<include refid="selectBoardListWhere"></include>
	</select>
	
	<sql id="selectBoardListWhere">
		<where>
			A.USE_AT = 'Y'
			<choose>
				<when test='boardType == "IMAGE"'>
					AND A.BOARD_TYPE = 'IMAGE'
				</when> 
				<otherwise>
					AND A.BOARD_TYPE = 'NORMAL'
				</otherwise>
			</choose>
			<choose>
				<when test='noticeAt == "Y"'>
					AND A.NOTICE_AT = 'Y'
				</when>
				<otherwise>
					<if test='searchCondition != null and searchCondition != ""'>
						<choose>
							<when test='searchCondition == "0"'>
								AND A.BOARD_SJ LIKE CONCAT('%', #{searchKeyword}, '%')
							</when>
							<when test='searchCondition == "1"'>
								AND A.BOARD_CN LIKE CONCAT('%', #{searchKeyword}, '%')
							</when>
							<when test='searchCondition == "2"'>
								AND A.FRST_REGISTER_ID LIKE CONCAT('%', #{searchKeyword}, '%')
							</when>
						</choose>
					</if>
				</otherwise>
			</choose>
		</where>
	</sql>
	
	<select id="boardDAO.selectBoard" resultMap="board">
		SELECT
			  BOARD_ID       
			, BOARD_SJ
			, BOARD_CN
			, INQIRE_CO          
			, CREAT_IP           
			, NOTICE_AT          
			, OTHBC_AT           
			, USE_AT             
			, ATCH_FILE_ID       
			, FRST_REGIST_PNTTM  
			, FRST_REGISTER_ID
		FROM BOARD
		WHERE BOARD_ID = #{boardId}
			AND USE_AT = 'Y'
	</select>
	
	<update id="boardDAO.updateViewCnt" parameterType="egovframework.let.board.service.BoardVO">
		UPDATE BOARD SET
			INQIRE_CO = INQIRE_CO + 1
		WHERE BOARD_ID = #{boardId}
	</update>
	
	
	<insert id="boardDAO.insertBoard" parameterType="egovframework.let.board.service.BoardVO">
		INSERT INTO BOARD (
			BOARD_ID    
			, BOARD_TYPE   
			, BOARD_SJ           
			, BOARD_CN   
			, INQIRE_CO          
			, CREAT_IP           
			, NOTICE_AT          
			, OTHBC_AT           
			, USE_AT             
			, ATCH_FILE_ID       
			, FRST_REGIST_PNTTM  
			, FRST_REGISTER_ID
			, LAST_UPDT_PNTTM    
			, LAST_UPDUSR_ID 
		) VALUES (
			#{boardId}
			, IFNULL(NULLIF(#{boardType},''),'NORMAL')
			, #{boardSj}
			, #{boardCn}
			, 0
			, #{creatIp}
			, #{noticeAt}
			, #{othbcAt}
			, 'Y'
			, #{atchFileId}
			, NOW()
			, #{userId}
			, NOW()
			, #{userId}
		)
	</insert>
	
	<update id="boardDAO.updateBoard" parameterType="egovframework.let.board.service.BoardVO">
		UPDATE BOARD SET
			BOARD_SJ = #{boardSj}
			, BOARD_CN = #{boardCn}
			, NOTICE_AT = #{noticeAt}
			, OTHBC_AT = #{othbcAt}
			<if test="atchFileId != null and atchFileId != ''">
				, ATCH_FILE_ID = #{atchFileId}
			</if>
			, LAST_UPDT_PNTTM = NOW()
			, LAST_UPDUSR_ID = #{userId}
		WHERE BOARD_ID = #{boardId}
		<if test='mngAt != "Y"'>
			AND FRST_REGISTER_ID = #{userId}
		</if>
	</update>
	
	<update id="boardDAO.deleteBoard" parameterType="egovframework.let.board.service.BoardVO">
		UPDATE BOARD SET
			USE_AT = 'N'
		WHERE BOARD_ID = #{boardId}
		<if test='mngAt != "Y"'>
			AND FRST_REGISTER_ID = #{userId}
		</if>
	</update>
	
</mapper>