<?xml version="1.0" encoding="UTF-8"?>
<!DOCTYPE mapper PUBLIC "-//mybatis.org//DTD Mapper 3.0//EN" 
"http://mybatis.org/dtd/mybatis-3-mapper.dtd">
<mapper namespace="temp2DAO">

 	<resultMap id="temp" type="egovframework.let.temp2.service.Temp2VO">
 		<result property="tempId" column="TEMP_ID"/>
 		<result property="tempVal" column="TEMP_VAL"/>
 	</resultMap>
 	
 	<insert id="temp2DAO.insertTemp" parameterType="egovframework.let.temp2.service.Temp2VO">
 		INSERT INTO lettemp2(
 			TEMP_ID
 			, TEMP_VAL
 		) VALUES (
 			#{tempId}
 			, #{tempVal}
 		)
 	</insert>
 	
 	<select id="temp2DAO.selectTemp" resultMap="temp">
 		SELECT
 			TEMP_ID
 			, TEMP_VAL
 			FROM lettemp2
 			WHERE TEMP_ID = #{tempId}
 	</select>
 	
 	<select id="temp2DAO.selectTempList" resultType="egovMap">
 		SELECT
 			TEMP_ID
 			, TEMP_VAL
 			FROM lettemp2
 			ORDER BY TEMP_ID DESC
 			LIMIT #{recordCountPerPage} OFFSET #{firstIndex}
 	</select>
 	
 	<select id="temp2DAO.selectTempListCnt" resultType="java.lang.Integer">
 		SELECT
 			COUNT(*) CNT
 		FROM lettemp2
 	</select>
 	
 	<update id="temp2DAO.updateTemp" parameterType="egovframework.let.temp2.service.Temp2VO">
 		UPDATE lettemp2 SET
 			TEMP_VAL = #{tempVal}
 		WHERE TEMP_ID = #{tempId}
 	</update>
 	
 	<delete id="temp2DAO.deleteTemp" parameterType="egovframework.let.temp2.service.Temp2VO">
 		DELETE FROM lettemp2
 		WHERE TEMP_ID = #{tempId}
 	</delete>
	
</mapper>